coarse_template,frequency,template_length
NOUN,2739,1
VERB,1461,1
PROPN,790,1
ADJ + NOUN,748,2
NOUN + VERB,717,2
NOUN + NOUN,604,2
PROPN + NOUN,274,2
PROPN + PROPN,261,2
ADJ,214,1
NOUN + CCONJ + NOUN,183,3
VERB + NOUN,177,2
PRON + VERB,164,2
PROPN + VERB,93,2
ADJ + ADJ + NOUN,78,3
ADJ + NOUN + NOUN,77,3
ADJ + NOUN + VERB,60,3
NOUN + NOUN + VERB,58,3
VERB + ADP + ADJ + NOUN,51,4
NOUN + NOUN + NOUN,49,3
VERB + VERB,47,2
PRON,46,1
VERB + ADJ + NOUN,37,3
ADV,37,1
VERB + ADV,35,2
PROPN + NOUN + NOUN,33,3
VERB + CCONJ + NOUN,29,3
NUM,28,1
NOUN + VERB + ADP + ADJ + NOUN,21,5
NUM + NOUN,20,2
PROPN + PROPN + NOUN,19,3
VERB + NOUN + VERB,19,3
NOUN + NUM,19,2
ADP + NOUN,18,2
VERB + NOUN + NOUN,17,3
NOUN + VERB + NOUN,16,3
NOUN + VERB + ADV,14,3
VERB + ADP + NOUN,14,3
VERB + ADJ,13,2
NOUN + NOUN + NOUN + VERB,12,4
DET + NOUN,10,2
PROPN + ADJ + NOUN,10,3
VERB + CCONJ + VERB,10,3
INTJ,9,1
ADP,9,1
NOUN + NOUN + ADV,9,3
NOUN + NOUN + CCONJ + NOUN,8,4
ADP + DET + ADJ,8,3
NOUN + ADV,8,2
PROPN + VERB + ADP + ADJ + NOUN,8,5
NUM + NUM,8,2
ADJ + ADJ + NOUN + NOUN,7,4
PROPN + CCONJ + PROPN + NOUN,7,4
ADP + NUM + NOUN,7,3
NOUN + NOUN + ADP + NOUN,7,4
NOUN + VERB + ADP + NOUN,7,4
VERB + ADP,7,2
PROPN + NOUN + VERB,7,3
PROPN + CCONJ + PROPN,7,3
ADJ + VERB,6,2
ADP + DET + NOUN,6,3
X + X + X,6,3
NOUN + VERB + CCONJ + VERB,6,4
VERB + NOUN + ADP + NOUN,6,4
DET + ADJ + NOUN,6,3
ADV + VERB,6,2
NOUN + CCONJ + VERB,6,3
NOUN + ADV + VERB,6,3
ADJ + NOUN + NOUN + NOUN,6,4
NOUN + ADP + NOUN,5,3
ADV + ADV,5,2
ADP + ADJ + NOUN,5,3
PROPN + PROPN + PROPN,5,3
PROPN + PROPN + VERB,5,3
PROPN + CCONJ + NOUN + NOUN,4,4
ADJ + NOUN + NOUN + VERB,4,4
PROPN + VERB + ADV,4,3
X + NOUN,4,2
NOUN + VERB + ADJ,4,3
ADJ + PROPN + NOUN,4,3
VERB + ADP + PROPN,4,3
NOUN + ADJ + NOUN,3,3
VERB + DET + NOUN,3,3
VERB + NUM,3,2
VERB + PRON + ADP,3,3
PROPN + VERB + NOUN,3,3
ADV + ADJ,3,2
NOUN + VERB + NOUN + VERB,3,4
NOUN + VERB + VERB,3,3
ADJ + ADJ + VERB,3,3
PRON + AUX + DET + NOUN,3,4
NOUN + ADP + ADJ + NOUN,3,4
ADJ + NOUN + ADP + NOUN,3,4
ADJ + VERB + NOUN,3,3
NOUN + ADJ + NOUN + NOUN,3,4
PROPN + VERB + ADJ + NOUN,3,4
ADP + ADJ,3,2
ADP + PROPN + PROPN,3,3
PROPN + VERB + VERB,3,3
ADP + NOUN + NOUN + VERB,3,4
PROPN + PART + ADJ + NOUN,3,4
ADJ + ADP + NOUN + NOUN + NOUN,3,5
PRON + VERB + VERB,3,3
ADJ + ADJ + ADJ + NOUN + NOUN,3,5
NOUN + PROPN + ADJ,3,3
NOUN + CCONJ + NOUN + NOUN,2,4
NOUN + CCONJ + ADJ + NOUN,2,4
NOUN + PROPN + NOUN,2,3
VERB + PROPN,2,2
VERB + NOUN + ADV,2,3
VERB + VERB + ADV,2,3
NOUN + AUX + VERB,2,3
ADJ + ADJ + NOUN + VERB,2,4
VERB + CCONJ + PROPN + VERB,2,4
ADP + DET + ADJ + NOUN,2,4
NOUN + ADP,2,2
ADJ + ADJ,2,2
DET + ADV + ADJ + NOUN,2,4
PROPN + VERB + DET + NOUN,2,4
NOUN + AUX + ADV + VERB,2,4
DET + NOUN + VERB,2,3
ADP + PROPN,2,2
VERB + ADP + ADJ,2,3
ADV + ADJ + NOUN,2,3
ADJ + ADJ + ADJ + NOUN,2,4
ADP + VERB + ADJ + NOUN,2,4
PRON + VERB + ADV,2,3
PRON + VERB + ADJ + NOUN,2,4
ADV + NOUN,2,2
NOUN + VERB + ADP + DET + NOUN,2,5
NOUN + VERB + ADP,2,3
VERB + ADP + PROPN + PROPN + NOUN,2,5
X,2,1
VERB + NOUN + CCONJ + VERB,2,4
DET + NOUN + VERB + INTJ,2,4
NOUN + NOUN + VERB + ADV,2,4
INTJ + NOUN + VERB,2,3
X + ADJ + ADJ + NOUN + NOUN + AUX,2,6
NOUN + CCONJ + NOUN + VERB,2,4
VERB + ADP + PROPN + NOUN,2,4
NOUN + ADP + PRON,2,3
PROPN + NOUN + ADV,2,3
ADJ + NOUN + CCONJ + NOUN + NOUN,2,5
ADJ + NOUN + ADJ,2,3
PROPN + NOUN + NOUN + VERB,2,4
VERB + AUX,2,2
PROPN + CCONJ + PROPN + VERB,2,4
PROPN + ADV + VERB,2,3
PROPN + PROPN + NOUN + VERB,2,4
NOUN + ADJ,2,2
PRON + PRON + VERB,2,3
PROPN + NOUN + NOUN + NOUN + VERB,1,5
PROPN + CCONJ + ADJ + VERB,1,4
PROPN + CCONJ + ADJ + NOUN,1,4
ADJ + CCONJ + PROPN + PROPN,1,4
PROPN + NUM,1,2
PRON + AUX + DET + NOUN + ADP + VERB + ADP + DET + NOUN,1,9
VERB + PROPN + NUM,1,3
NOUN + NUM + NOUN,1,3
VERB + VERB + ADP + NOUN,1,4
ADV + NOUN + VERB,1,3
NOUN + ADP + DET + ADJ,1,4
VERB + ADP + NUM + NOUN,1,4
NOUN + VERB + PART + VERB,1,4
ADJ + NOUN + NUM + ADJ,1,4
DET + NOUN + NOUN + AUX + ADP + DET + NOUN,1,7
VERB + PRON + ADP + DET + NOUN,1,5
PROPN + PROPN + AUX + VERB + DET + NOUN + NOUN,1,7
VERB + ADP + PRON + PART + VERB,1,5
PRON + VERB + ADP + DET + NOUN + VERB,1,6
INTJ + VERB + PRON + VERB,1,4
VERB + ADV + ADP + DET + NOUN,1,5
PRON + AUX + PRON + NOUN,1,4
SCONJ + PRON + VERB + ADP + NOUN + NOUN + PART + NOUN,1,8
VERB + NOUN + CCONJ + ADP + DET + NOUN,1,6
NOUN + ADJ + CCONJ + NOUN,1,4
PROPN + NOUN + ADJ,1,3
ADP + PROPN + NOUN,1,3
NOUN + VERB + DET + NOUN,1,4
NOUN + NOUN + AUX + VERB,1,4
DET + ADJ + NUM,1,3
NOUN + ADP + ADV,1,3
NOUN + ADP + ADJ + NUM + PART + NOUN,1,6
NOUN + PRON,1,2
ADV + NUM + PART + ADJ + NOUN,1,5
DET + NOUN + AUX + VERB,1,4
AUX + PRON + VERB,1,3
PRON + AUX + DET + NOUN + ADP + NOUN + PROPN,1,7
ADV + ADP + NOUN + ADP + PROPN + PART + NOUN,1,7
CCONJ + ADJ + CCONJ + NOUN,1,4
NUM + NOUN + ADV,1,3
NOUN + ADJ + ADP + NOUN,1,4
ADP + PRON + ADP + PRON,1,4
PRON + AUX + VERB,1,3
PRON + PRON + AUX + VERB + AUX + NOUN,1,6
NOUN + VERB + ADP + PRON + NOUN,1,5
DET + NOUN + PRON + AUX + PART + VERB + SCONJ + PART + VERB,1,9
PROPN + NOUN + VERB + DET + ADJ + NOUN,1,6
PROPN + VERB + ADP + ADP + DET + ADJ + NOUN,1,7
NOUN + PROPN + PART + NOUN + NOUN + AUX + ADV,1,7
DET + ADJ + NOUN + ADP + NOUN + VERB + ADV + ADV,1,8
SCONJ + PRON + VERB + PRON + NOUN,1,5
PROPN + ADV + VERB + ADJ,1,4
VERB + INTJ,1,2
VERB + PRON + ADP + ADP + PROPN,1,5
PART + PRON,1,2
NOUN + INTJ,1,2
PROPN + NOUN + NOUN + NOUN,1,4
VERB + DET + ADJ + NOUN,1,4
ADV + ADP + NOUN,1,3
ADV + NUM + NOUN + ADJ + CCONJ + ADV + NUM + NOUN + AUX + AUX + VERB,1,11
VERB + NOUN + ADP + NOUN + NOUN,1,5
PROPN + PROPN + PROPN + NOUN + NOUN,1,5
CCONJ + DET + ADV + VERB + NOUN + ADP + NOUN,1,7
PROPN + PROPN + PROPN + PROPN,1,4
PROPN + ADJ,1,2
PRON + AUX + ADJ,1,3
ADJ + VERB + VERB,1,3
ADV + ADJ + NOUN + NOUN,1,4
PROPN + NOUN + ADP + NOUN,1,4
PRON + VERB + VERB + ADV + NOUN,1,5
DET + NOUN + NOUN + ADV,1,4
VERB + ADV + ADV,1,3
NUM + NUM + NOUN,1,3
ADJ + NOUN + PART + NOUN,1,4
ADJ + NOUN + PART + NOUN + VERB,1,5
X + X + PROPN + PROPN,1,4
X + PROPN,1,2
VERB + PRON + DET + NOUN,1,4
VERB + CCONJ + VERB + NOUN,1,4
DET + NOUN + VERB + DET + VERB + NUM + NUM + PART + NUM + NUM + ADJ + NOUN + VERB + ADP + NUM + NOUN + ADJ + NOUN,1,18
NOUN + ADP + NOUN + ADJ + NOUN + CCONJ + NOUN + AUX + DET + NOUN + ADP + PRON + VERB + ADP + ADJ + NOUN,1,16
DET + PRON + ADJ + NOUN + NOUN,1,5
PROPN + VERB + NOUN + ADP + PROPN + ADP + NUM + SCONJ + DET + NOUN + NOUN + ADP + DET + ADJ + NOUN + VERB + PRON + NOUN + ADP + PRON + NOUN,1,21
PART,1,1
PART + VERB + DET + NOUN,1,4
X + ADP + PROPN,1,3
VERB + NOUN + VERB + NOUN,1,4
PRON + ADJ + NOUN,1,3
ADJ + SCONJ + ADJ + SCONJ,1,4
PRON + VERB + PART + VERB + DET + NOUN + ADP + VERB + ADV,1,9
CCONJ + VERB,1,2
PRON + AUX + VERB + ADP + PROPN + PROPN,1,6
NOUN + ADP + NOUN + VERB + NOUN,1,5
PROPN + PRON + VERB + DET + NOUN + NOUN,1,6
PROPN + PRON + VERB + PRON + VERB + ADJ,1,6
PROPN + PRON + ADJ,1,3
PROPN + ADV + ADJ,1,3
NOUN + VERB + SCONJ + VERB,1,4
NOUN + NOUN + VERB + PRON + NOUN,1,5
PRON + VERB + PART + AUX + PRON,1,5
NOUN + ADP + DET + NOUN,1,4
PRON + AUX + PROPN,1,3
NOUN + ADP + DET + ADJ + NOUN,1,5
NOUN + NOUN + VERB + VERB,1,4
DET + NOUN + ADP + NOUN + CCONJ + PRON + NOUN,1,7
DET + ADJ + NOUN + ADP,1,4
PART + ADV + ADJ + PROPN + PROPN + CCONJ + PRON + NOUN,1,8
ADV + ADJ + ADV + ADV + ADJ + NOUN + NOUN + CCONJ + VERB,1,9
ADJ + NOUN + VERB + ADP + DET + NOUN + NOUN,1,7
PROPN + NOUN + VERB + ADP + DET + ADJ + NOUN,1,7
PROPN + VERB + DET + ADJ + NOUN + ADP + DET + ADJ,1,8
VERB + VERB + DET + NOUN + ADP + NOUN,1,6
VERB + VERB + NOUN + PART + VERB + VERB,1,6
VERB + ADP + DET + ADJ + NOUN + ADP + PRON + ADJ + NOUN,1,9
ADJ + NOUN + CCONJ + ADP + DET + NOUN + DET + NOUN,1,8
NOUN + PART + NOUN + NOUN,1,4
ADJ + PROPN,1,2
ADJ + NOUN + ADV,1,3
NOUN + VERB + INTJ,1,3
ADJ + ADP,1,2
DET + NOUN + NOUN,1,3
X + NOUN + ADJ,1,3
VERB + PROPN + PROPN + VERB,1,4
CCONJ + NUM + NOUN,1,3
NUM + NOUN + NOUN,1,3
VERB + ADP + ADP + NOUN,1,4
NOUN + NOUN + NOUN + NOUN,1,4
NOUN + PROPN + VERB,1,3
VERB + VERB + NOUN + VERB + VERB + VERB,1,6
NOUN + NOUN + ADJ + NOUN,1,4
VERB + ADJ + NOUN + NOUN,1,4
NOUN + PROPN + NOUN + CCONJ + NOUN,1,5
NOUN + PROPN + NOUN + CCONJ + VERB + PRON + ADV,1,7
NOUN + PROPN + AUX + PART + VERB + DET + ADJ + NOUN,1,8
ADJ + CCONJ + ADV + NOUN + NOUN,1,5
ADJ + NOUN + NOUN + VERB + ADJ + NOUN,1,6
PROPN + NOUN + NOUN + CCONJ + NOUN,1,5
VERB + VERB + NOUN + PROPN + NOUN + VERB,1,6
PRON + AUX,1,2
NOUN + NOUN + NOUN + ADP + NOUN,1,5
ADJ + NUM,1,2
PROPN + PROPN + ADJ + NOUN,1,4
ADJ + NOUN + ADJ + NOUN,1,4
ADV + NOUN + NOUN,1,3
NUM + NOUN + NOUN + NOUN + NOUN,1,5
NOUN + ADP + DET + NOUN + NOUN + NOUN,1,6
PROPN + VERB + PROPN + PROPN,1,4
ADJ + ADJ + NOUN + ADP + PROPN,1,5
PROPN + PROPN + ADJ,1,3
PART + VERB,1,2
VERB + NOUN + NOUN + ADP + NOUN,1,5
NUM + VERB + NUM + VERB + NUM + NUM,1,6
NUM + VERB + NUM + NOUN,1,4
SCONJ + ADJ + ADJ + NOUN + ADV + VERB,1,6
SCONJ + ADJ + PROPN,1,3
PROPN + ADP + NOUN,1,3
PRON + AUX + DET + NOUN + NOUN + VERB + ADP,1,7
PROPN + PRON + AUX + ADV + ADV,1,5
DET + NUM + NOUN + NOUN + VERB + ADJ,1,6
NOUN + ADP + NOUN + NUM,1,4
NOUN + ADP + NOUN + CCONJ + NOUN,1,5
PROPN + PART + NOUN,1,3
CCONJ + AUX + PART + VERB + PRON + NOUN,1,6
DET + ADJ + NOUN + VERB + ADP,1,5
VERB + ADP + DET + ADJ + NOUN,1,5
AUX + PRON + VERB + PRON + DET + NOUN,1,6
AUX + DET + ADJ + NOUN + ADJ + ADV,1,6
PRON + VERB + NUM + NOUN + ADV,1,5
PRON + AUX + PART + VERB + DET + NOUN + ADP + PRON + NOUN,1,9
NOUN + PRON + NUM,1,3
VERB + PRON + VERB,1,3
PRON + PRON + ADV + VERB + ADP,1,5
ADV + PRON + VERB,1,3
SCONJ + SCONJ,1,2
PRON + AUX + PART + VERB,1,4
ADJ + PART + VERB + PRON,1,4
PRON + AUX + ADV + ADJ + PROPN,1,5
ADV + ADV + DET + NOUN + VERB,1,5
DET + ADJ + NOUN + VERB + ADV,1,5
INTJ + PRON + AUX + ADJ,1,4
NOUN + AUX + PART + VERB + ADP + PRON,1,6
PROPN + PART + ADJ + NOUN + PROPN,1,5
AUX + PRON + ADP + DET + ADJ,1,5
DET + NOUN + VERB + ADP + PRON + NOUN,1,6
VERB + ADP + PRON + NOUN,1,4
PRON + AUX + VERB + ADP + PRON + NOUN + ADV,1,7
ADJ + ADP + NOUN,1,3
PRON + VERB + PRON + ADJ + NOUN,1,5
ADV + NUM + NOUN + ADV,1,4
ADV + VERB + ADP + PRON + NOUN,1,5
ADV + ADV + AUX + DET + ADJ + NOUN,1,6
DET + NOUN + ADP + PRON + NOUN + ADV + VERB,1,7
DET + ADJ + NOUN + PART + ADJ + NOUN,1,6
PROPN + DET + ADJ + NOUN,1,4
SCONJ + AUX + DET + ADJ + NOUN + VERB,1,6
ADJ + ADP + DET + NOUN,1,4
ADV + ADP + AUX + ADJ,1,4
PROPN + PRON + NUM,1,3
SCONJ + DET + NOUN + PRON + VERB + ADV + VERB + ADV,1,8
DET + NOUN + ADP + PRON + VERB + PART + VERB + ADJ,1,8
PRON + AUX + DET + ADJ + NOUN + PROPN + PART + NOUN,1,8
SCONJ + PRON + AUX + ADP + PRON,1,5
NOUN + AUX + ADV + NOUN + ADP + ADV,1,6
PRON + AUX + AUX + VERB + ADV,1,5
NOUN + AUX + AUX + VERB + ADV,1,5
DET + NOUN + VERB + ADP + NUM,1,5
DET + NOUN + AUX + ADV + VERB,1,5
VERB + NUM + NOUN + ADP + ADJ + NOUN,1,6
PRON + VERB + ADV + ADV + ADP + NOUN + NOUN,1,7
VERB + PRON + NOUN,1,3
ADV + VERB + PROPN + NOUN + NOUN,1,5
SCONJ + NOUN + PROPN + PART + NOUN + NOUN,1,6
DET + NOUN + ADP + ADJ + NUM + PART + NOUN,1,7
PRON + NOUN,1,2
SCONJ + PRON + VERB + DET + NOUN,1,5
PRON + PART + ADJ,1,3
PRON + AUX + PRON + VERB + ADV,1,5
VERB + PRON + PART + VERB,1,4
DET + NOUN + AUX + ADJ,1,4
DET + NOUN + ADV + VERB,1,4
INTJ + NOUN,1,2
NUM + NOUN + NOUN + NOUN + CCONJ + NUM + NOUN,1,7
DET + NOUN + ADV + VERB + ADP,1,5
PROPN + VERB + DET + NOUN + NOUN,1,5
NOUN + NOUN + DET + ADJ + NOUN,1,5
DET + NOUN + AUX + VERB + ADP + NOUN,1,6
PROPN + AUX + DET + NOUN + ADJ + PART + VERB + PRON + NOUN,1,9
PRON + AUX + VERB + ADP,1,4
PRON + AUX + DET + NOUN + ADP,1,5
AUX + PRON + NOUN + VERB + ADV,1,5
PRON + AUX + PRON,1,3
PRON + ADP + DET + NOUN + AUX + PRON + ADP,1,7
PRON + VERB + PART + VERB + PRON + ADP,1,6
PRON + NOUN + AUX + AUX + VERB,1,5
AUX + PRON + AUX + ADJ + PART + VERB + ADP + PRON + PROPN,1,9
DET + NUM + NOUN + AUX + VERB,1,5
PRON + AUX + DET + NUM + NOUN + VERB + PART + VERB,1,8
PROPN + PART + VERB + ADP + NOUN + NOUN + VERB,1,7
VERB + PART + VERB + ADJ,1,4
CCONJ + ADJ + AUX,1,3
ADJ + ADP + NOUN + NOUN + ADP + NOUN,1,6
PRON + NOUN + VERB + PART + VERB + ADP + NOUN,1,7
ADP + DET + ADJ + NUM + NOUN,1,5
ADV + NUM + ADJ + ADP + NOUN + NOUN,1,6
ADV + ADJ + ADP + VERB + DET + NOUN,1,6
PRON + VERB + PRON,1,3
PRON + AUX + NOUN + VERB + PART + VERB,1,6
SCONJ + PRON + VERB + PRON + VERB,1,5
CCONJ + PROPN + VERB + PART + VERB + PRON + ADP,1,7
VERB + ADP + DET + NOUN,1,4
PRON + AUX + NOUN + PART + VERB + NOUN + ADP + DET + NOUN,1,9
PROPN + VERB + NUM + NOUN,1,4
NOUN + AUX + VERB + ADP + NUM + ADP + NUM,1,7
PRON + AUX + DET + NOUN + NOUN,1,5
ADJ + CCONJ + NOUN + NOUN,1,4
VERB + ADV + ADJ,1,3
PROPN + INTJ,1,2
PROPN + PRON + AUX + ADV + ADJ,1,5
NOUN + ADV + VERB + ADP,1,4
VERB + VERB + NOUN + CCONJ + PART + VERB + NOUN,1,7
NOUN + PROPN,1,2
PROPN + VERB + ADP + PROPN,1,4
PROPN + PROPN + NOUN + ADP + DET + NOUN,1,6
PUNCT,1,1
NOUN + SYM + NOUN,1,3
NOUN + ADV + NOUN,1,3
NOUN + NOUN + ADP,1,3
NOUN + NOUN + CCONJ + VERB,1,4
INTJ + INTJ,1,2
CCONJ,1,1
ADJ + NOUN + ADP + NOUN + NOUN,1,5
DET + NOUN + ADP + INTJ + NOUN,1,5
DET + NOUN + ADP + DET + NOUN + ADV,1,6
DET + NOUN + ADP + DET + NOUN + NOUN,1,6
DET + NOUN + ADP + DET + NOUN + PROPN,1,6
SCONJ + AUX + PRON + VERB + PRON,1,5
NOUN + AUX + VERB + PRON + NOUN,1,5
PRON + AUX + ADV + AUX + VERB + PART + VERB + NOUN,1,8
PROPN + ADJ + NOUN + VERB,1,4
NOUN + VERB + ADJ + NOUN,1,4
PROPN + PROPN + PROPN + NOUN,1,4
ADJ + VERB + ADV,1,3
ADV + VERB + NOUN,1,3
PROPN + INTJ + NOUN,1,3
NOUN + VERB + PRON + PRON,1,4
PROPN + ADJ + VERB,1,3
ADP + DET + NOUN + ADJ,1,4
VERB + INTJ + ADV,1,3
ADV + NOUN + NOUN + VERB,1,4
NOUN + VERB + PROPN + NOUN,1,4
NOUN + VERB + CCONJ + NOUN,1,4
VERB + ADJ + ADJ,1,3
INTJ + PART + SCONJ + PRON + VERB,1,5
PROPN + PROPN + ADP + PROPN,1,4
PROPN + CCONJ + VERB,1,3
NOUN + ADP + NOUN + VERB,1,4
DET + VERB,1,2
ADJ + PROPN + NOUN + NOUN,1,4
VERB + NOUN + CCONJ + NOUN,1,4
DET + NOUN + VERB + NOUN,1,4
ADJ + CCONJ + VERB,1,3
VERB + VERB + NOUN + NOUN,1,4
ADJ + NOUN + VERB + ADV + VERB,1,5
PRON + VERB + DET + NOUN,1,4
VERB + DET + ADJ + NOUN + NOUN,1,5
